{
  "detectors": [
    {
      "x": 60.0,
      "y": 0.0,
      "z": -5.0,
      "theta": 59.743562836470744,
      "phi": 180.0
    },
    {
      "x": -60.0,
      "y": 0.0,
      "z": -5.0,
      "theta": 59.743562836470744,
      "phi": 0.0
    },
    {
      "x": 0.0,
      "y": 60.0,
      "z": -5.0,
      "theta": 59.743562836470744,
      "phi": 270.0
    },
    {
      "x": 0.0,
      "y": -60.0,
      "z": -5.0,
      "theta": 59.743562836470744,
      "phi": 90.0
    }
  ]
}