{
  "task": "task03_dammann_uniform_orders",
  "valid": true,
  "valid_thresholds": {
    "cv_orders_max": 0.8,
    "efficiency_min": 0.003,
    "min_to_max_min": 0.15
  },
  "baseline": {
    "orders": [
      -3,
      -2,
      -1,
      0,
      1,
      2,
      3
    ],
    "order_positions": [
      -47.46000000000001,
      -31.640000000000004,
      -15.820000000000002,
      0.0,
      15.820000000000002,
      31.640000000000004,
      47.46000000000001
    ],
    "order_energies": [
      0.5100426642904018,
      2.2424244923847776,
      1.2240890349388305,
      1.0965623442474584,
      1.195924499021649,
      2.173265339583417,
      0.4830110906882294
    ],
    "order_energies_norm": [
      0.22745143304591417,
      0.999999999999554,
      0.5458774817592579,
      0.4890074773847994,
      0.533317622547581,
      0.9691587596205836,
      0.21539681372920633
    ],
    "cv_orders": 0.5130829526917703,
    "efficiency": 0.004359816751337689,
    "min_to_max": 0.21539681372920633,
    "score_pct": 26.896904752419026,
    "transitions": [
      -18.0,
      -15.23076923076923,
      -12.461538461538462,
      -9.692307692307693,
      -6.923076923076923,
      -4.153846153846153,
      -1.3846153846153868,
      1.3846153846153832,
      4.153846153846153,
      6.923076923076923,
      9.692307692307693,
      12.46153846153846,
      15.230769230769226,
      18.0
    ]
  },
  "literature": {
    "orders": [
      -3,
      -2,
      -1,
      0,
      1,
      2,
      3
    ],
    "order_positions": [
      -47.46000000000001,
      -31.640000000000004,
      -15.820000000000002,
      0.0,
      15.820000000000002,
      31.640000000000004,
      47.46000000000001
    ],
    "order_energies": [
      38.15630950825683,
      35.14597023057131,
      45.70774239732075,
      43.99494385786888,
      40.00918520225455,
      42.93215635235502,
      38.660722562220464
    ],
    "order_energies_norm": [
      0.8347887580309065,
      0.7689281593708879,
      0.9999999999999781,
      0.9625271682735039,
      0.875326216168552,
      0.9392753634419414,
      0.8458243731697803
    ],
    "cv_orders": 0.08461947332103524,
    "efficiency": 0.1408237237909742,
    "min_to_max": 0.7689281593708879,
    "score_pct": 85.97103042178703,
    "loss": 0.2564547285628404,
    "transitions": [
      -20.0,
      -11.95276,
      -9.960880000000001,
      -6.953320000000001,
      -5.1777999999999995,
      -5.08016,
      -4.14088,
      -1.874880000000001,
      3.7892400000000004,
      6.823640000000002,
      8.70872,
      15.62528,
      16.79684,
      17.42184
    ],
    "source": "diffractio docs/source/examples_advanced/scalar/dammann.ipynb"
  },
  "scipy_de": {
    "orders": [
      -3,
      -2,
      -1,
      0,
      1,
      2,
      3
    ],
    "order_positions": [
      -47.46000000000001,
      -31.640000000000004,
      -15.820000000000002,
      0.0,
      15.820000000000002,
      31.640000000000004,
      47.46000000000001
    ],
    "order_energies": [
      65.63828873298421,
      45.97442602497288,
      61.380419616482655,
      55.575102501070816,
      61.15488729872309,
      46.193439169790075,
      65.23787527513555
    ],
    "order_energies_norm": [
      0.9999999999999848,
      0.7004208505799963,
      0.9351313204732767,
      0.84668725486048,
      0.9316953333061367,
      0.7037575180807005,
      0.993899696875424
    ],
    "cv_orders": 0.13494628332449188,
    "efficiency": 0.22489241721987765,
    "min_to_max": 0.7004208505799963,
    "score_pct": 88.3425257861005,
    "loss": 0.28996779988051635,
    "transitions": [
      -17.717303876407,
      -16.645190653180244,
      -14.423413119079749,
      -12.654607298899844,
      -8.915290333381694,
      -7.858939429403895,
      -4.188897739015718,
      4.188897739015718,
      7.858939429403895,
      8.915290333381694,
      12.654607298899844,
      14.423413119079749,
      16.645190653180244,
      17.717303876407
    ],
    "objective_with_penalty": 0.28996779988051635,
    "maxiter": 35,
    "popsize": 8,
    "seed": 0
  },
  "oracle": {
    "orders": [
      -3,
      -2,
      -1,
      0,
      1,
      2,
      3
    ],
    "order_positions": [
      -47.46000000000001,
      -31.640000000000004,
      -15.820000000000002,
      0.0,
      15.820000000000002,
      31.640000000000004,
      47.46000000000001
    ],
    "order_energies": [
      65.63828873298421,
      45.97442602497288,
      61.380419616482655,
      55.575102501070816,
      61.15488729872309,
      46.193439169790075,
      65.23787527513555
    ],
    "order_energies_norm": [
      0.9999999999999848,
      0.7004208505799963,
      0.9351313204732767,
      0.84668725486048,
      0.9316953333061367,
      0.7037575180807005,
      0.993899696875424
    ],
    "cv_orders": 0.13494628332449188,
    "efficiency": 0.22489241721987765,
    "min_to_max": 0.7004208505799963,
    "score_pct": 88.3425257861005,
    "method": "best_of_literature_and_scipy_de",
    "selected_candidate": "scipy_differential_evolution",
    "transitions": [
      -17.717303876407,
      -16.645190653180244,
      -14.423413119079749,
      -12.654607298899844,
      -8.915290333381694,
      -7.858939429403895,
      -4.188897739015718,
      4.188897739015718,
      7.858939429403895,
      8.915290333381694,
      12.654607298899844,
      14.423413119079749,
      16.645190653180244,
      17.717303876407
    ]
  },
  "delta": {
    "cv_improvement": 0.3781366693672784,
    "efficiency_gain": 0.22053260046853995,
    "score_pct_gain": 61.44562103368147
  }
}