{
  "candidate": {
    "is_valid": true,
    "score": 0.3255243713068484,
    "demand_satisfaction": 0.364935642057533,
    "ber_pass_ratio": 0.2857142857142857,
    "spectral_utilization": 0.7,
    "avg_snr_db": 9.85111823009976,
    "avg_ber_assigned": 0.001328478903820457,
    "assignment": [
      0,
      1,
      2,
      3,
      4,
      5,
      6,
      7,
      8,
      9,
      10,
      11,
      12,
      13
    ],
    "power_dbm": [
      4.472767487370962,
      4.472767487370962,
      4.472767487370962,
      4.472767487370962,
      4.472767487370962,
      4.472767487370962,
      4.472767487370962,
      4.472767487370962,
      4.472767487370962,
      4.472767487370962,
      4.472767487370962,
      4.472767487370962,
      4.472767487370962,
      4.472767487370962,
      -10.0,
      -10.0,
      -10.0,
      -10.0,
      -10.0,
      -10.0
    ],
    "user_demands_gbps": [
      288.3538467978349,
      241.4429815652873,
      300.20370878759354,
      277.63152406831097,
      193.18482870427093,
      316.58712922914583,
      286.55955827864943,
      290.04900273877354,
      197.93590857457642,
      243.0540313053794,
      231.91172339256138,
      309.74709843880424,
      270.14111681129305,
      295.18662585791617
    ],
    "user_capacity_gbps": [
      116.25582012791335,
      97.19394145523086,
      92.6887116541431,
      91.33032878496641,
      90.89567449037953,
      90.75532756636807,
      90.71375940389352,
      90.71375940389352,
      90.75532756636807,
      90.89567449037953,
      91.3303287849664,
      92.68871165414309,
      97.19394145523086,
      116.25582012791335
    ],
    "user_ber": [
      2.1012573622414266e-05,
      0.000745303624541338,
      0.0014104764999627872,
      0.0016884257145400872,
      0.001786384248068651,
      0.0018189981631445695,
      0.0018287515028633239,
      0.0018287515028633239,
      0.0018189981631445695,
      0.001786384248068651,
      0.0016884257145400872,
      0.0014104764999627872,
      0.0007453036245413935,
      2.1012573622414266e-05
    ]
  },
  "oracle": {
    "is_valid": true,
    "score": 0.6651751876095842,
    "demand_satisfaction": 0.4513745124042058,
    "ber_pass_ratio": 1.0,
    "spectral_utilization": 0.7,
    "avg_snr_db": 12.219410826811211,
    "avg_ber_assigned": 0.00010505284760092033,
    "assignment": [
      10,
      4,
      6,
      7,
      19,
      3,
      12,
      16,
      0,
      1,
      9,
      18,
      15,
      13
    ],
    "power_dbm": [
      3.6781476459642146,
      3.150475422088921,
      -10.0,
      3.195840178139214,
      4.9011512023740424,
      -10.0,
      4.059437616178255,
      4.533521835211543,
      -10.0,
      5.333934759326872,
      3.9636946854516832,
      -10.0,
      4.92032245183046,
      4.720133353037621,
      -10.0,
      4.857759932159156,
      4.659044777398203,
      -10.0,
      3.5300905149297295,
      6.056955794644535
    ],
    "user_demands_gbps": [
      288.3538467978349,
      241.4429815652873,
      300.20370878759354,
      277.63152406831097,
      193.18482870427093,
      316.58712922914583,
      286.55955827864943,
      290.04900273877354,
      197.93590857457642,
      243.0540313053794,
      231.91172339256138,
      309.74709843880424,
      270.14111681129305,
      295.18662585791617
    ],
    "user_capacity_gbps": [
      103.49472592703546,
      125.73967843594916,
      109.07771107712334,
      114.72356100350149,
      147.12575530260494,
      103.06201574056347,
      116.12833204820848,
      113.54515420432904,
      129.9247069126088,
      112.41589932497068,
      123.57786422307674,
      98.71515801803393,
      115.42894460106719,
      112.57532176646922
    ],
    "user_ber": [
      0.00027145166860254033,
      1.7857651306019129e-06,
      9.725427016582522e-05,
      2.978995860380973e-05,
      5.404232616967874e-10,
      0.00029234400718736175,
      2.1642194441395812e-05,
      3.863654780345005e-05,
      4.979149588746346e-07,
      4.924110462872777e-05,
      3.2918478558019437e-06,
      0.0005917944207133874,
      2.540750723240004e-05,
      4.760211866544628e-05
    ]
  },
  "oracle_meta": {
    "mode_used": "heuristic_local_search",
    "solver": "numpy_local_search",
    "optimal": false,
    "selected_by_proxy": true
  },
  "score_gap_oracle_minus_candidate": 0.33965081630273575
}