{
  "candidate": {
    "is_valid": true,
    "score": 0.3938728883174629,
    "weighted_utility": 0.44570187946276346,
    "ber_pass_ratio": 0.20833333333333334,
    "dbp_ratio": 0.16666666666666666,
    "latency_s": 0.0095,
    "latency_budget_s": 0.009501257142857142,
    "mode": [
      1,
      1,
      0,
      0,
      0,
      0,
      0,
      0,
      1,
      0,
      0,
      0,
      1,
      0,
      0,
      0,
      0,
      0,
      0,
      0,
      0,
      0,
      0,
      0
    ],
    "effective_snr_db": [
      6.900073809201449,
      7.18935330367908,
      7.2406945858211245,
      7.432278775388849,
      7.687005467175411,
      7.883358349557355,
      8.175037187584417,
      8.480412914733272,
      12.37046760888692,
      8.877057220296518,
      9.257961951582539,
      9.564270363346747,
      15.206324854939876,
      10.11560048874608,
      10.48395917636649,
      10.841718191667498,
      14.919347127162895,
      15.6868287686233,
      16.314498064183375,
      17.065484878470045,
      17.746638754875352,
      18.55732310356409,
      19.209667496827663,
      20.0162758615293
    ],
    "ber": [
      0.12086397394862687,
      0.11482074172323731,
      0.11374878369765025,
      0.10975265598482876,
      0.10445486764034545,
      0.10038903394024876,
      0.09438951097065797,
      0.08817602560247685,
      0.0236900506852932,
      0.0802412842018134,
      0.07280445283733337,
      0.06698212581744939,
      0.0037555243487846363,
      0.056929422612503194,
      0.05056874111126568,
      0.04470180001496507,
      0.0047685330908813495,
      0.0024347679215988433,
      0.0012885261024825484,
      0.0005335425211013128,
      0.00021004779597522116,
      5.700694338750534e-05,
      1.6658948070014112e-05,
      2.792252531483297e-06
    ]
  },
  "oracle": {
    "is_valid": true,
    "score": 0.6765892164065052,
    "weighted_utility": 0.8518039226766745,
    "ber_pass_ratio": 0.2916666666666667,
    "dbp_ratio": 0.2916666666666667,
    "latency_s": 0.00746,
    "latency_budget_s": 0.009501257142857142,
    "mode": [
      0,
      0,
      0,
      0,
      0,
      0,
      0,
      0,
      0,
      1,
      1,
      1,
      1,
      1,
      1,
      1,
      0,
      0,
      0,
      0,
      0,
      0,
      0,
      0
    ],
    "effective_snr_db": [
      6.800073809201449,
      7.0464961608219365,
      7.2406945858211245,
      7.432278775388849,
      7.687005467175411,
      7.883358349557355,
      8.175037187584417,
      8.480412914733272,
      8.57046760888692,
      13.062771506010805,
      13.82939052301111,
      14.521413220489604,
      15.206324854939876,
      15.84417191731751,
      16.598244890652204,
      17.341718191667496,
      14.919347127162895,
      15.6868287686233,
      16.314498064183375,
      17.065484878470045,
      17.746638754875352,
      18.55732310356409,
      19.209667496827663,
      20.0162758615293
    ],
    "ber": [
      0.12295276071078164,
      0.11780479160592072,
      0.11374878369765025,
      0.10975265598482876,
      0.10445486764034545,
      0.10038903394024876,
      0.09438951097065797,
      0.08817602560247685,
      0.08635974923340593,
      0.016577789127974335,
      0.01048675371383219,
      0.006491399144068322,
      0.0037555243487846363,
      0.002092092959121966,
      0.0009387938530174555,
      0.00037162479662142256,
      0.0047685330908813495,
      0.0024347679215988433,
      0.0012885261024825484,
      0.0005335425211013128,
      0.00021004779597522116,
      5.700694338750534e-05,
      1.6658948070014112e-05,
      2.792252531483297e-06
    ]
  },
  "oracle_meta": {
    "mode_requested": "auto_or_exact",
    "mode_used": "exact_cp_sat",
    "solver": "ortools_cp_sat",
    "status": "OPTIMAL",
    "optimal": true,
    "time_limit_s": 20.0,
    "latency_unit_s": 1e-06
  },
  "score_gap_oracle_minus_candidate": 0.28271632808904223
}