{
  "task": "tree_gsm_safety_stock",
  "method": "baseline",
  "algorithm": "rule-based CST assignment",
  "solution_cst": {
    "2": 0,
    "4": 1,
    "1": 1,
    "3": 0
  },
  "metrics": {
    "baseline_cost_nominal": 85.41152534957988,
    "solution_cost_nominal": 68.25235129158301,
    "baseline_cost_stress": 111.03498295445385,
    "solution_cost_stress": 88.72805667905791,
    "cost_score": 0.40179996757501457,
    "robustness_score": 0.4017999675750148,
    "sla_compliance": 1.0,
    "complexity_score": 0.0
  },
  "weights": {
    "cost_score": 0.35,
    "robustness_score": 0.35,
    "sla_compliance": 0.1,
    "complexity_score": 0.2
  },
  "final_score": 0.38125997730251027
}