{
  "combined_score": 45.62863404341821,
  "valid": 1.0,
  "case_count": 8.0,
  "mean_original_fitness": 0.543713659565818,
  "mean_phi_corr": 0.7330864721083022,
  "mean_phi_vel": 0.9650699605341613,
  "mean_phi_coll": 0.0015924505452638489,
  "mean_phi_wall": 0.014693734413965088,
  "mean_phi_mnd": 0.5758380736461941,
  "worst_min_pairwise_distance": 0.012056512026988802
}
