{
  "task": "task2_multiplane_focusing",
  "spec": {
    "shape": 72,
    "spacing": 1e-05,
    "wavelength": 7e-07,
    "waist_radius": 0.00013,
    "layer_z": [
      0.0,
      0.12,
      0.24,
      0.36
    ],
    "planes": [
      {
        "z": 0.48,
        "centers": [
          [
            -0.000286,
            -0.00018199999999999998
          ],
          [
            0.0,
            -0.000247
          ],
          [
            0.000286,
            -0.00018199999999999998
          ]
        ],
        "ratios": [
          0.5,
          0.3,
          0.2
        ]
      },
      {
        "z": 0.62,
        "centers": [
          [
            -0.00026,
            0.000234
          ],
          [
            0.0,
            0.00015599999999999997
          ],
          [
            0.00026,
            0.000234
          ]
        ],
        "ratios": [
          0.2,
          0.55,
          0.25
        ]
      },
      {
        "z": 0.76,
        "centers": [
          [
            -0.000234,
            0.0
          ],
          [
            0.0,
            0.0
          ],
          [
            0.000234,
            0.0
          ]
        ],
        "ratios": [
          0.25,
          0.5,
          0.25
        ]
      }
    ],
    "steps": 24,
    "lr": 0.075,
    "roi_radius_m": 3.0000000000000004e-05,
    "valid_mean_ratio_mae_max": 0.34,
    "valid_mean_efficiency_min": 0.015,
    "valid_mean_score_min": 0.18,
    "score_eff_target": 0.09,
    "score_ratio_scale": 0.12,
    "better_score_margin": 0.07,
    "better_shape_margin": 0.03,
    "reference_steps": 90,
    "reference_lr": 0.045
  },
  "timing_seconds": {
    "baseline": 50.381,
    "reference": 170.341
  },
  "baseline": {
    "valid": true,
    "mean_ratio_mae": 0.1186740348074768,
    "mean_efficiency": 0.022040788277847695,
    "mean_score": 0.3301705488346065,
    "mean_shape_cosine": 0.5598320157794681,
    "per_plane": [
      {
        "ratio_mae": 0.10289988029271264,
        "efficiency": 0.016275019569723787,
        "ratio_score": 0.424221734194455,
        "efficiency_score": 0.18083355077470875,
        "shape_cosine": 0.38741848724457084,
        "shape_l1": 0.0002539893471813962,
        "score": 0.27322729113666994,
        "pred_ratios": [
          0.36031944165618196,
          0.454349820439069,
          0.18533073790474913
        ],
        "target_ratios": [
          0.5,
          0.3,
          0.2
        ]
      },
      {
        "ratio_mae": 0.20150557869034078,
        "efficiency": 0.018330315784606054,
        "ratio_score": 0.18652068103970065,
        "efficiency_score": 0.2036701753845117,
        "shape_cosine": 0.5098995210384218,
        "shape_l1": 0.000240922403030834,
        "score": 0.22664224147378403,
        "pred_ratios": [
          0.06510963320553288,
          0.8522583680355111,
          0.08263199875895595
        ],
        "target_ratios": [
          0.2,
          0.55,
          0.25
        ]
      },
      {
        "ratio_mae": 0.05161664543937702,
        "efficiency": 0.03151702947921325,
        "ratio_score": 0.6504188675670856,
        "efficiency_score": 0.3501892164357028,
        "shape_cosine": 0.7821780390554116,
        "shape_l1": 0.00016482454361479667,
        "score": 0.4906421138933655,
        "pred_ratios": [
          0.21724084704260105,
          0.5774249681590655,
          0.20533418479833343
        ],
        "target_ratios": [
          0.25,
          0.5,
          0.25
        ]
      }
    ]
  },
  "reference": {
    "oracle_backend": "slmsuite_wgs_per_plane+torchoptics_finetune",
    "better_than_baseline": true,
    "mean_ratio_mae": 6.910250637657638e-05,
    "mean_efficiency": 0.02368552236518653,
    "mean_score": 0.4784548623559111,
    "mean_shape_cosine": 0.6402827475356094,
    "per_plane": [
      {
        "ratio_mae": 0.00011611851641964617,
        "efficiency": 0.02562400748603941,
        "ratio_score": 0.9990328137229537,
        "efficiency_score": 0.2847111942893268,
        "shape_cosine": 0.5607566009952768,
        "shape_l1": 0.00023273660833895147,
        "score": 0.48907036114698804,
        "pred_ratios": [
          0.4999895057614287,
          0.3001741777746294,
          0.1998363164639418
        ],
        "target_ratios": [
          0.5,
          0.3,
          0.2
        ]
      },
      {
        "ratio_mae": 2.288505230660376e-05,
        "efficiency": 0.019573297418788976,
        "ratio_score": 0.9998093094145397,
        "efficiency_score": 0.21748108243098863,
        "shape_cosine": 0.6375766544248583,
        "shape_l1": 0.0002144352407987977,
        "score": 0.43587465395600095,
        "pred_ratios": [
          0.200025857742247,
          0.5499656724215402,
          0.25000846983621294
        ],
        "target_ratios": [
          0.2,
          0.55,
          0.25
        ]
      },
      {
        "ratio_mae": 6.830395040347918e-05,
        "efficiency": 0.025859262190731206,
        "ratio_score": 0.9994309623766578,
        "efficiency_score": 0.287325135452569,
        "shape_cosine": 0.722514987186693,
        "shape_l1": 0.00019070989755266498,
        "score": 0.5104195719647445,
        "pred_ratios": [
          0.25010245592560526,
          0.4999730032351301,
          0.2499245408392647
        ],
        "target_ratios": [
          0.25,
          0.5,
          0.25
        ]
      }
    ]
  }
}