{
  "task": "task01_weighted_multispot_single_plane",
  "valid": true,
  "valid_thresholds": {
    "score_pct_min": 20.0,
    "efficiency_min": 0.45,
    "min_peak_ratio_min": 0.0
  },
  "baseline": {
    "ratio_mae": 0.026214053917023278,
    "cv_spots": 1.560667104257842,
    "efficiency": 0.5184423531067129,
    "min_peak_ratio": 4.469262455400117e-05,
    "score_pct": 37.26921481949858,
    "spot_ratios": [
      0.03771704314636743,
      0.010375418630529957,
      0.00764232921184287,
      0.0011943423247844128,
      0.0001466027896755554,
      0.0781648985252971,
      0.01973688038663572,
      0.00036726696653046145,
      0.00026698463110173885,
      0.012478558165916235,
      0.0056825714543745,
      0.10598112704480166,
      0.0012876254205455419,
      0.02064277672411876,
      0.007634136282448682,
      0.01826814089554998,
      0.011345294209114622,
      0.005850262467520394,
      0.002558861690531979,
      0.01300085608026314,
      0.0036440448651861228,
      0.062075487393558615,
      0.004469097765121439,
      0.019465057737728,
      0.0009469754251690895,
      0.004668680625496176,
      0.0021824914329192546,
      0.006428172996137475,
      0.004209606941221935,
      0.10071815432549439,
      0.0021138185573224355,
      0.013226580970393063,
      0.000104448752814775,
      0.0081357445016179,
      0.0011680670220235048,
      0.05812589660531923,
      0.0006671248749479968,
      0.009913289059147744,
      0.0002724535778451895,
      0.027373969933292816,
      0.00012607256935611092,
      0.10492666247713883,
      0.002285921427967563,
      0.003450847761522309,
      0.0005481552364815927,
      0.12440514644366608,
      0.0003888852072535236,
      0.06195422702572223,
      0.011662941440183613
    ],
    "target_ratios": [
      0.0068061040081528485,
      0.0439802584932987,
      0.012013903358320891,
      0.03636633348246764,
      0.004439658165953892,
      0.006314447983686832,
      0.002673627562635502,
      0.04752377838580741,
      0.018802580770634653,
      0.04863483460155567,
      0.0029387447588720447,
      0.010060031370659637,
      0.006813339664432451,
      0.03489602776298968,
      0.010006525454316522,
      0.03626372552755292,
      0.003177943918745305,
      0.008326779745039816,
      0.009719936864174246,
      0.0687962697454329,
      0.012148095820771261,
      0.014998369287933869,
      0.001468855045588058,
      0.012908965511108627,
      0.007694039598491838,
      0.04595546346721025,
      0.011739871318562516,
      0.03302840012824127,
      0.0016781095908458236,
      0.03204494189358338,
      0.015747418044103494,
      0.04836193990418719,
      0.01788900826901487,
      0.042694812547630766,
      0.002379175183703722,
      0.02651469226516891,
      0.018137442359685764,
      0.08034232480374884,
      0.009250735398999694,
      0.030667158522259493,
      0.0026981530916474704,
      0.010253154696333448,
      0.011822202537960855,
      0.04550481020139128,
      0.0074716430979600915,
      0.012253667723815264,
      0.0014875817277361651,
      0.01574679261359444,
      0.008557323723910649
    ],
    "spot_peaks": [
      52.95229139975203,
      24.688495031555302,
      3.6922639126181203,
      1.6597819968000551,
      0.10843097960220106,
      33.14973099808618,
      23.268835215041832,
      0.3965182859936786,
      0.304520681800421,
      9.391914408980835,
      12.500759463516637,
      352.71145219492354,
      0.9448223300830493,
      39.44739846038888,
      2.572538771627904,
      14.452122865701796,
      0.7743797464605456,
      1.3444348604377712,
      1.2026027109718043,
      0.8596755129070343,
      0.8437666803741716,
      84.78924991653102,
      8.437986229236417,
      7.579924606621762,
      0.6461305088514046,
      10.647995879869734,
      1.9652868777261365,
      7.450623549542128,
      10.216556875078627,
      328.89979606763495,
      0.6336189830161757,
      23.64517555241032,
      0.13016000632755026,
      3.4376427167218178,
      1.734607817873135,
      21.24370802568625,
      0.32955251551609527,
      2.3197484601152887,
      0.029827566636588896,
      18.537893623723804,
      0.029118789194752363,
      35.93513322194874,
      3.1181126221881783,
      5.064936796786918,
      0.25761203318305315,
      147.97452811526415,
      0.015763600508844296,
      23.89440768585334,
      13.245904568974083
    ]
  },
  "oracle": {
    "ratio_mae": 0.0005758935521272069,
    "cv_spots": 0.8753164232849451,
    "efficiency": 0.7060596894731386,
    "min_peak_ratio": 0.02198853016227772,
    "score_pct": 64.7075722483502,
    "spot_ratios": [
      0.006978661675792035,
      0.04294550188350279,
      0.011907881440841794,
      0.036492403056948335,
      0.004813236940033453,
      0.006645734149845737,
      0.003166999389002773,
      0.046425899184190614,
      0.018786230314246994,
      0.04673412170862935,
      0.0032161663910033732,
      0.010604806930251197,
      0.0070482223693234865,
      0.03539788317252872,
      0.010365612858795583,
      0.03530947175036874,
      0.00331495475701425,
      0.008834999476221352,
      0.009915713234362215,
      0.06659412659408302,
      0.012751538187883773,
      0.01540639736158513,
      0.002313960116627563,
      0.012803602729696424,
      0.008236278673135871,
      0.04614669444222917,
      0.0127346582742642,
      0.03323859893915336,
      0.002019149294609713,
      0.031271730438482935,
      0.016144364741409015,
      0.048266513331801264,
      0.01789769102614533,
      0.04211458062064492,
      0.0025737449408194672,
      0.02631067293602945,
      0.018940648956062643,
      0.07690674498642801,
      0.009588030740853994,
      0.029912743550569706,
      0.003033054464370422,
      0.01092272235284233,
      0.012100228885409762,
      0.044655783035089595,
      0.007843223750602375,
      0.012722377934057746,
      0.0023378701329502477,
      0.016490107941465198,
      0.008817659937794533
    ],
    "target_ratios": [
      0.0068061040081528485,
      0.0439802584932987,
      0.012013903358320891,
      0.03636633348246764,
      0.004439658165953892,
      0.006314447983686832,
      0.002673627562635502,
      0.04752377838580741,
      0.018802580770634653,
      0.04863483460155567,
      0.0029387447588720447,
      0.010060031370659637,
      0.006813339664432451,
      0.03489602776298968,
      0.010006525454316522,
      0.03626372552755292,
      0.003177943918745305,
      0.008326779745039816,
      0.009719936864174246,
      0.0687962697454329,
      0.012148095820771261,
      0.014998369287933869,
      0.001468855045588058,
      0.012908965511108627,
      0.007694039598491838,
      0.04595546346721025,
      0.011739871318562516,
      0.03302840012824127,
      0.0016781095908458236,
      0.03204494189358338,
      0.015747418044103494,
      0.04836193990418719,
      0.01788900826901487,
      0.042694812547630766,
      0.002379175183703722,
      0.02651469226516891,
      0.018137442359685764,
      0.08034232480374884,
      0.009250735398999694,
      0.030667158522259493,
      0.0026981530916474704,
      0.010253154696333448,
      0.011822202537960855,
      0.04550481020139128,
      0.0074716430979600915,
      0.012253667723815264,
      0.0014875817277361651,
      0.01574679261359444,
      0.008557323723910649
    ],