{
  "task": "joint_replenishment",
  "method": "baseline",
  "algorithm": "fixed-cycle + demand-bucket multiples",
  "inputs": {
    "shared_fixed_cost": 100.0,
    "individual_fixed_costs": [
      40.0,
      35.0,
      30.0,
      28.0,
      25.0,
      22.0,
      20.0,
      18.0
    ],
    "holding_costs": [
      1.8,
      2.0,
      1.6,
      1.7,
      1.5,
      1.9,
      2.1,
      1.4
    ],
    "demand_rates": [
      120.0,
      90.0,
      60.0,
      40.0,
      25.0,
      18.0,
      12.0,
      8.0
    ]
  },
  "independent_reference": {
    "order_quantities": [
      136.62601021279465,
      110.22703842524301,
      98.74208829065749,
      77.61140001162656,
      64.54972243679029,
      48.07888255116191,
      37.03280399090206,
      36.72290060127915
    ],
    "cycle_times": [
      1.1385500851066221,
      1.224744871391589,
      1.6457014715109581,
      1.940285000290664,
      2.5819888974716116,
      2.671049030620106,
      3.0860669992418384,
      4.590362575159894
    ],
    "cost": 1073.6630262434117
  },
  "solution": {
    "base_cycle_time": 1.5,
    "order_multiples": [
      1,
      1,
      1,
      2,
      2,
      3,
      3,
      4
    ],
    "order_quantities": [
      180.0,
      135.0,
      90.0,
      120.0,
      75.0,
      81.0,
      54.0,
      48.0
    ],
    "cycle_times": [
      1.5,
      1.5,
      1.5,
      3.0,
      3.0,
      4.5,
      4.5,
      6.0
    ],
    "cost": 861.1666666666666
  },
  "metrics": {
    "cost_score": 0.39583436214663814,
    "responsiveness_score": 0.0,
    "coordination_score": 0.5714285714285714
  },
  "weights": {
    "cost_score": 0.55,
    "responsiveness_score": 0.3,
    "coordination_score": 0.15
  },
  "final_score": 0.3034231848949367
}