{
  "task": "joint_replenishment",
  "method": "reference",
  "algorithm": "stockpyl Silver JRP heuristic",
  "inputs": {
    "shared_fixed_cost": 100.0,
    "individual_fixed_costs": [
      40.0,
      35.0,
      30.0,
      28.0,
      25.0,
      22.0,
      20.0,
      18.0
    ],
    "holding_costs": [
      1.8,
      2.0,
      1.6,
      1.7,
      1.5,
      1.9,
      2.1,
      1.4
    ],
    "demand_rates": [
      120.0,
      90.0,
      60.0,
      40.0,
      25.0,
      18.0,
      12.0,
      8.0
    ]
  },
  "independent_reference": {
    "order_quantities": [
      136.62601021279465,
      110.22703842524301,
      98.74208829065749,
      77.61140001162656,
      64.54972243679029,
      48.07888255116191,
      37.03280399090206,
      36.72290060127915
    ],
    "cycle_times": [
      1.1385500851066221,
      1.224744871391589,
      1.6457014715109581,
      1.940285000290664,
      2.5819888974716116,
      2.671049030620106,
      3.0860669992418384,
      4.590362575159894
    ],
    "cost": 1073.6630262434117
  },
  "solution": {
    "base_cycle_time": 0.9538134236355224,
    "order_multiples": [
      1,
      1,
      1,
      1,
      1,
      1,
      1,
      2
    ],
    "order_quantities": [
      114.45761083626269,
      85.84320812719702,
      57.228805418131344,
      38.15253694542089,
      23.84533559088806,
      17.168641625439403,
      11.445761083626268,
      15.261014778168358
    ],
    "cycle_times": [
      0.9538134236355224,
      0.9538134236355224,
      0.9538134236355224,
      0.9538134236355224,
      0.9538134236355224,
      0.9538134236355224,
      0.9538134236355224,
      1.9076268472710447
    ],
    "cost": 647.9254586756102
  },
  "metrics": {
    "cost_score": 0.7930562144016345,
    "responsiveness_score": 0.8654664409111942,
    "coordination_score": 0.8571428571428571
  },
  "weights": {
    "cost_score": 0.55,
    "responsiveness_score": 0.3,
    "coordination_score": 0.15
  },
  "final_score": 0.8243922787656859
}