{
  "candidate": {
    "is_valid": true,
    "score": 0.3860644257703081,
    "valid_geometry": true,
    "acceptance_ratio": 0.2916666666666667,
    "utilization": 0.9117647058823529,
    "compactness": 0.14285714285714285,
    "ber_pass_ratio": 1.0,
    "alloc": [
      [
        -1,
        0
      ],
      [
        36,
        9
      ],
      [
        0,
        12
      ],
      [
        -1,
        0
      ],
      [
        -1,
        0
      ],
      [
        46,
        9
      ],
      [
        -1,
        0
      ],
      [
        25,
        10
      ],
      [
        -1,
        0
      ],
      [
        -1,
        0
      ],
      [
        13,
        11
      ],
      [
        -1,
        0
      ],
      [
        -1,
        0
      ],
      [
        -1,
        0
      ],
      [
        -1,
        0
      ],
      [
        -1,
        0
      ],
      [
        56,
        9
      ],
      [
        66,
        2
      ],
      [
        -1,
        0
      ],
      [
        -1,
        0
      ],
      [
        -1,
        0
      ],
      [
        -1,
        0
      ],
      [
        -1,
        0
      ],
      [
        -1,
        0
      ]
    ],
    "user_demand_slots": [
      3,
      9,
      12,
      3,
      2,
      9,
      3,
      10,
      8,
      3,
      11,
      3,
      3,
      3,
      9,
      3,
      9,
      2,
      3,
      2,
      3,
      3,
      3,
      3
    ],
    "effective_snr_db": [
      -30.0,
      20.949731836205114,
      17.898757963730407,
      -30.0,
      -30.0,
      16.76824271792003,
      -30.0,
      18.677961583781762,
      -30.0,
      -30.0,
      23.68772707476856,
      -30.0,
      -30.0,
      -30.0,
      -30.0,
      -30.0,
      23.331864169967808,
      21.884047210383603,
      -30.0,
      -30.0,
      -30.0,
      -30.0,
      -30.0,
      -30.0
    ],
    "ber": [
      1.0,
      2.277587099752676e-07,
      0.0001672968371709549,
      1.0,
      1.0,
      0.0007693201381946957,
      1.0,
      4.600202811864962e-05,
      1.0,
      1.0,
      3.0206670498245103e-12,
      1.0,
      1.0,
      1.0,
      1.0,
      1.0,
      1.9764315184467307e-11,
      1.038508862238885e-08,
      1.0,
      1.0,
      1.0,
      1.0,
      1.0,
      1.0
    ]
  },
  "oracle": {
    "is_valid": true,
    "score": 0.6691789215686275,
    "valid_geometry": true,
    "acceptance_ratio": 0.6666666666666666,
    "utilization": 0.7794117647058824,
    "compactness": 0.0625,
    "ber_pass_ratio": 0.9375,
    "alloc": [
      [
        19,
        3
      ],
      [
        -1,
        0
      ],
      [
        -1,
        0
      ],
      [
        34,
        3
      ],
      [
        8,
        2
      ],
      [
        -1,
        0
      ],
      [
        -1,
        0
      ],
      [
        -1,
        0
      ],
      [
        -1,
        0
      ],
      [
        38,
        3
      ],
      [
        45,
        11
      ],
      [
        4,
        3
      ],
      [
        30,
        3
      ],
      [
        57,
        3
      ],
      [
        -1,
        0
      ],
      [
        15,
        3
      ],
      [
        -1,
        0
      ],
      [
        42,
        2
      ],
      [
        65,
        3
      ],
      [
        27,
        2
      ],
      [
        61,
        3
      ],
      [
        23,
        3
      ],
      [
        11,
        3
      ],
      [
        0,
        3
      ]
    ],
    "user_demand_slots": [
      3,
      9,
      12,
      3,
      2,
      9,
      3,
      10,
      8,
      3,
      11,
      3,
      3,
      3,
      9,
      3,
      9,
      2,
      3,
      2,
      3,
      3,
      3,
      3
    ],
    "effective_snr_db": [
      20.77223474185683,
      -30.0,
      -30.0,
      14.929338010575409,
      16.56003176352564,
      -30.0,
      -30.0,
      -30.0,
      -30.0,
      17.74452224242673,
      23.27551272863168,
      23.957451444864212,
      17.398687942202464,
      17.37718536558488,
      -30.0,
      19.9462406438005,
      -30.0,
      20.934587712946925,
      17.982849199583896,
      23.0812104260873,
      20.415000079272104,
      21.25757294112833,
      20.81947626064969,
      22.784901606065883
    ],
    "ber": [
      3.820931777226422e-07,
      1.0,
      1.0,
      0.00473017548922737,
      0.0009807950902368245,
      1.0,
      1.0,
      1.0,
      1.0,
      0.0002107028473234268,
      2.6251917306652217e-11,
      6.555589404655393e-13,
      0.00034398219422251963,
      0.0003542048171063794,
      1.0,
      3.302971346430539e-06,
      1.0,
      2.3822861824895902e-07,
      0.00014704207941855507,
      6.798736573720987e-11,
      1.019546851360742e-06,
      8.832866517372029e-08,
      3.336024266414883e-07,
      2.6844426681549294e-10
    ]
  },
  "oracle_meta": {
    "mode_used": "hybrid_local_search",
    "solver": "numpy_local_search",
    "time_limit_s": 12.0
  },
  "score_gap_oracle_minus_candidate": 0.2831144957983194
}