{
  "task": "task4_fault_tolerant_fusion",
  "benchmark_profile": "v3_fault_stress",
  "candidate_module": "/DATA_EDS2/haohan.chi.2311/Frontier-Engineering/benchmarks/Optics/adaptive_fault_tolerant_fusion/baseline/controller.py",
  "oracle_backend": "IsolationForest weighted inlier fusion",
  "fault_scenario": "5 WFS channels with 3 severe random corruptions per case",
  "p95_weight": 0.4,
  "strehl_weight": 1.0,
  "score_mode": "0_to_1_higher_is_better",
  "score_anchors": {
    "mean_rms_good": 0.95,
    "mean_rms_bad": 1.75,
    "p95_rms_good": 1.2,
    "p95_rms_bad": 2.05,
    "strehl_good": 0.35,
    "strehl_bad": 0.18
  },
  "score_weights": {
    "mean_rms": 0.45,
    "p95_rms": 0.35,
    "strehl": 0.2
  },
  "baseline": {
    "mean_rms": 1.3613410122984249,
    "p95_rms": 1.7548350819494438,
    "worst_rms": 2.147846793628154,
    "mean_strehl": 0.22735379505815417,
    "raw_cost_lower_is_better": 1.8359212500200484,
    "score_0_to_1_higher_is_better": 0.3958695233765083,
    "score_percent": 39.586952337650835
  },
  "reference": {
    "mean_rms": 1.2094249518475921,
    "p95_rms": 1.5848420176609659,
    "worst_rms": 1.9148613390841884,
    "mean_strehl": 0.3025360015581346,
    "raw_cost_lower_is_better": 1.5408257573538438,
    "score_0_to_1_higher_is_better": 0.6397691062040366,
    "score_percent": 63.97691062040366
  }
}