{
  "task": "task04_large_scale_spot_array",
  "valid": true,
  "valid_thresholds": {
    "score_pct_min": 20.0,
    "ratio_mae_max": 0.03,
    "cv_spots_max": 1.4,
    "efficiency_min": 0.5
  },
  "baseline": {
    "ratio_mae": 0.016841335464114433,
    "cv_spots": 1.3676747384136674,
    "efficiency": 0.5059198813199466,
    "score_pct": 24.782923596284522,
    "spot_ratios": [
      0.12675671079585057,
      0.025966291999491395,
      0.01199675386865391,
      0.0023831775235127984,
      0.009364289103720756,
      0.03709422543779595,
      0.04230164234120889,
      0.049256225190386735,
      0.025966291999491395,
      0.005028467965243,
      0.0018965667692839804,
      0.004443893756780751,
      0.026942438162835616,
      0.0017834257686016816,
      0.0011627154475093177,
      0.007862091710122013,
      0.011996753868653912,
      0.0018965667692839806,
      0.0011638896673078593,
      0.018719457838618274,
      0.003908917001237566,
      0.0027618712739784037,
      0.0038481356330004007,
      0.00651058922462077,
      0.0023831775235127976,
      0.004443893756780751,
      0.018719457838618267,
      0.0030635019865747986,
      0.0011450503304746905,
      0.0011082764367325588,
      0.013375197841000783,
      0.07205014602249929,
      0.009364289103720752,
      0.026942438162835616,
      0.003908917001237564,
      0.0011450503304746907,
      0.0013962405598525742,
      0.011984711107404077,
      0.020334667225781304,
      0.017320907612500647,
      0.03709422543779594,
      0.0017834257686016818,
      0.002761871273978403,
      0.0011082764367325584,
      0.011984711107404074,
      0.013548187060241641,
      0.0033148808037559005,
      0.012179807261471646,
      0.042301642341208895,
      0.0011627154475093175,
      0.003848135633000403,
      0.013375197841000778,
      0.02033466722578131,
      0.003314880803755902,
      0.0038357195794357936,
      0.0037915705668247466,
      0.04925622519038672,
      0.007862091710122011,
      0.006510589224620772,
      0.07205014602249928,
      0.017320907612500654,
      0.01217980726147165,
      0.003791570566824748,
      0.015591435865883874
    ],
    "target_ratios": [
      0.00954861111111111,
      0.012586805555555556,
      0.015625,
      0.018663194444444444,
      0.021701388888888888,
      0.00954861111111111,
      0.012586805555555556,
      0.015625,
      0.012586805555555556,
      0.015625,
      0.018663194444444444,
      0.021701388888888888,
      0.00954861111111111,
      0.012586805555555556,
      0.015625,
      0.018663194444444444,
      0.015625,
      0.018663194444444444,
      0.021701388888888888,
      0.00954861111111111,
      0.012586805555555556,
      0.015625,
      0.018663194444444444,
      0.021701388888888888,
      0.018663194444444444,
      0.021701388888888888,
      0.00954861111111111,
      0.012586805555555556,
      0.015625,
      0.018663194444444444,
      0.021701388888888888,
      0.00954861111111111,
      0.021701388888888888,
      0.00954861111111111,
      0.012586805555555556,
      0.015625,
      0.018663194444444444,
      0.021701388888888888,
      0.00954861111111111,
      0.012586805555555556,
      0.00954861111111111,
      0.012586805555555556,
      0.015625,
      0.018663194444444444,
      0.021701388888888888,
      0.00954861111111111,
      0.012586805555555556,
      0.015625,
      0.012586805555555556,
      0.015625,
      0.018663194444444444,
      0.021701388888888888,
      0.00954861111111111,
      0.012586805555555556,
      0.015625,
      0.018663194444444444,
      0.015625,
      0.018663194444444444,
      0.021701388888888888,
      0.00954861111111111,
      0.012586805555555556,
      0.015625,
      0.018663194444444444,
      0.021701388888888888
    ],
    "spot_energies": [
      678.4820700711945,
      138.98801441970468,
      64.21421278474328,
      12.75627309471837,
      50.123596738560785,
      198.55175086751484,
      226.42513901531618,
      263.65046411539186,
      138.98801441970468,
      26.915540273363117,
      10.151624632517333,
      23.786529457466496,
      144.2129659464488,
      9.546022452791433,
      6.22358831163124,
      42.0828863819633,
      64.2142127847433,
      10.151624632517334,
      6.229873478504309,
      100.19837549596576,
      20.922995572262575,
      14.78328151206947,
      20.597655254701564,
      34.84879046457961,
      12.756273094718365,
      23.786529457466496,
      100.19837549596573,
      16.397799820366807,
      6.1290334348247,
      5.932196301752324,
      71.59251657602218,
      385.6579420162535,
      50.123596738560764,
      144.2129659464488,
      20.92299557226257,
      6.129033434824702,
      7.4735623811812335,
      64.14975231136196,
      108.84399750461664,
      92.71245032042953,
      198.5517508675148,
      9.546022452791435,
      14.783281512069465,
      5.932196301752321,
      64.14975231136195,
      72.51846426615725,
      17.7433382078986,
      65.19403029588526,
      226.4251390153162,
      6.223588311631239,
      20.597655254701575,
      71.59251657602215,
      108.84399750461667,
      17.743338207898606,
      20.53119668480228,
      20.29488325192861,
      263.6504641153918,
      42.08288638196329,
      34.84879046457962,
      385.65794201625346,
      92.71245032042957,
      65.19403029588528,
      20.294883251928617,
      83.4552239108231
    ]
  },
  "oracle": {
    "ratio_mae": 0.0004030008568661523,
    "cv_spots": 0.25480143548349465,
    "efficiency": 0.8209561933002338,
    "score_pct": 89.86371055962275,
    "spot_ratios": [
      0.009766847136728941,
      0.012130563988541055,
      0.015509971911727044,
      0.018351137863344743,
      0.0218238315140872,
      0.009899911831889402,
      0.012123131557570796,
      0.01583417285457255,
      0.01299805410961139,
      0.015295568394149108,
      0.020039092533620587,
      0.021646659563219713,
      0.010096426497034466,
      0.012676417618111026,
      0.014606552016383988,
      0.017908406094989088,
      0.015720360695162503,
      0.01926038887499469,
      0.02095245554310516,
      0.010006782834675376,
      0.01372036577787774,
      0.015337447930999976,
      0.018725433806973977,
      0.021420404948354625,
      0.01872386660473201,
      0.02035407474043685,
      0.01028396370864925,
      0.01310615137531999,
      0.016570063016912835,
      0.018333640595779507,
      0.021756040134779053,
      0.010113596254895394,
      0.021217203736262142,
      0.009406987446665283,
      0.012683013446807716,
      0.01562036115716073,
      0.018173991602699592,
      0.021803779403628456,
      0.009604620863261613,
      0.01312677974775276,
      0.009906201960344477,
      0.013234860170038044,
      0.01573410080274829,
      0.018400072548883834,
      0.021463669198026277,
      0.009863359976983475,
      0.012630982584702615,
      0.015200277622944203,
      0.012341190541167332,
      0.015456304924082757,
      0.018733004522995252,
      0.02136034830470724,
      0.010074350370118756,
      0.013422968713034373,
      0.01485801789806934,
      0.018956355186350277,
      0.015328731449021887,
      0.01796158898920795,
      0.02149383302810999,
      0.009469582065299336,
      0.012937382490322303,
      0.015590945614184322,
      0.018300245065959442,
      0.020553106239229728
    ],