{
  "task": "task1_multifocus_power_ratio",
  "spec": {
    "shape": 72,
    "spacing": 1e-05,
    "wavelength": 7e-07,
    "waist_radius": 0.00013,
    "layer_z": [
      0.0,
      0.12,
      0.24,
      0.36
    ],
    "output_z": 0.56,
    "focus_centers": [
      [
        -0.00029899999999999995,
        -0.000208
      ],
      [
        0.0,
        -0.00029899999999999995
      ],
      [
        0.00029899999999999995,
        -0.000208
      ],
      [
        -0.00029899999999999995,
        0.000208
      ],
      [
        0.0,
        0.00029899999999999995
      ],
      [
        0.00029899999999999995,
        0.000208
      ]
    ],
    "focus_ratios": [
      0.24,
      0.17,
      0.16,
      0.15,
      0.14,
      0.14
    ],
    "steps": 24,
    "lr": 0.075,
    "roi_radius_m": 3.0000000000000004e-05,
    "valid_ratio_mae_max": 0.3,
    "valid_efficiency_min": 0.04,
    "valid_score_min": 0.16,
    "score_eff_target": 0.2,
    "score_ratio_scale": 0.1,
    "better_score_margin": 0.06,
    "better_shape_margin": 0.03,
    "reference_steps": 80,
    "reference_lr": 0.05
  },
  "timing_seconds": {
    "baseline": 20.071,
    "reference": 61.111
  },
  "baseline": {
    "metrics": {
      "ratio_mae": 0.057305925839877876,
      "efficiency": 0.053151281605360264,
      "leakage": 0.9468487183946397,
      "ratio_score": 0.5637979939486755,
      "efficiency_score": 0.2657564080268013,
      "shape_cosine": 0.8189268769131042,
      "shape_l1": 0.00012215351265459237,
      "score": 0.3927324374155007,
      "pred_ratios": [
        0.1815329766508216,
        0.2696410542435982,
        0.1241100779716057,
        0.10820829078160696,
        0.21227672327603547,
        0.10423087707633207
      ],
      "target_ratios": [
        0.24,
        0.17,
        0.16,
        0.15,
        0.14,
        0.14
      ]
    },
    "valid": true
  },
  "reference": {
    "oracle_backend": "slmsuite_wgs+torchoptics_finetune",
    "metrics": {
      "ratio_mae": 0.00011645854144876992,
      "efficiency": 0.07423746963226553,
      "leakage": 0.9257625303677345,
      "ratio_score": 0.9988360924519362,
      "efficiency_score": 0.37118734816132765,
      "shape_cosine": 0.9292389400961814,
      "shape_l1": 7.536111908179751e-05,
      "score": 0.5544702457274289,
      "pred_ratios": [
        0.23998827603354903,
        0.16974183564461087,
        0.1602464658059962,
        0.15007862479358178,
        0.1399205126974939,
        0.14002428502476844
      ],
      "target_ratios": [
        0.24,
        0.17,
        0.16,
        0.15,
        0.14,
        0.14
      ]
    },
    "better_than_baseline": true
  }
}