{
  "candidate": {
    "is_valid": true,
    "score": 0.3297323928738737,
    "demand_satisfaction": 0.505465923558103,
    "ber_pass_ratio": 0.045454545454545456,
    "avg_snr_db": 12.502986186027174,
    "avg_bits_per_symbol": 3.3636363636363638,
    "mcs": [
      16,
      16,
      4,
      4,
      16,
      16,
      16,
      16,
      16,
      16,
      4,
      16,
      16,
      4,
      16,
      16,
      4,
      16,
      4,
      16,
      4,
      16
    ],
    "power_dbm": [
      -4.424226808222062,
      -4.424226808222062,
      -4.424226808222062,
      -4.424226808222062,
      -4.424226808222062,
      -4.424226808222062,
      -4.424226808222062,
      -4.424226808222062,
      -4.424226808222062,
      -4.424226808222062,
      -4.424226808222062,
      -4.424226808222062,
      -4.424226808222062,
      -4.424226808222062,
      -4.424226808222062,
      -4.424226808222062,
      -4.424226808222062,
      -4.424226808222062,
      -4.424226808222062,
      -4.424226808222062,
      -4.424226808222062,
      -4.424226808222062
    ],
    "demands_gbps": [
      225.9998167521844,
      119.14957319637786,
      147.46117837134392,
      141.34320781877386,
      139.90400318445515,
      248.05606613148151,
      266.9686496645996,
      157.01764762550806,
      249.35827547081036,
      261.2817578289016,
      197.20497738902043,
      151.6439821816954,
      250.12107133655994,
      146.33970377376625,
      236.04939887990065,
      217.08983478024572,
      267.65923394927836,
      149.4243920630912,
      245.8512718654141,
      198.0880562649614,
      149.36445621890147,
      138.20367885092656
    ],
    "achieved_gbps": [
      85.7167574126194,
      97.43092788631193,
      62.86577002433837,
      57.739465158989354,
      81.86672771156145,
      113.72014126478236,
      125.35105934609687,
      102.82046521585642,
      125.29948479953875,
      123.12111530105119,
      63.3742233269803,
      123.19039583794844,
      113.94598486353532,
      63.98973956659407,
      119.18317053413797,
      123.14680102783277,
      64.0,
      89.86848836355546,
      60.00544773894813,
      97.49805545598176,
      63.613875258400164,
      116.82443226092448
    ],
    "ber": [
      0.02743212811293251,
      0.018892437927170616,
      0.0018920843022299794,
      0.007562811472530295,
      0.03049584071017479,
      0.008585982328118386,
      0.0020941325496897367,
      0.0153030568491124,
      0.0021215675841048387,
      0.003290781051967298,
      0.001355058447933155,
      0.0032532781146481227,
      0.008453716319892848,
      0.0007106888082983875,
      0.005457913736687067,
      0.003276874394395543,
      0.0005523876050885779,
      0.024278860176481204,
      0.004996515307340743,
      0.01884652201039423,
      0.0011034314911828047,
      0.006790535672300535
    ],
    "quality_db": [
      16.480100716480145,
      17.24452176553788,
      13.659041886856318,
      12.134054250842091,
      16.24019906001415,
      18.554189953649356,
      20.26740442596189,
      17.629806051619177,
      20.254103152928423,
      19.782212259843973,
      13.963285859249892,
      19.795146876644186,
      18.576767427341284,
      14.50078761269035,
      19.173391978651182,
      19.78699541559363,
      14.694941060737115,
      16.743378756272673,
      12.643381259610573,
      17.249145691359523,
      14.141157596666558,
      18.884672814932834
    ]
  },
  "oracle": {
    "is_valid": true,
    "score": 0.646673832524437,
    "demand_satisfaction": 0.4168509409633954,
    "ber_pass_ratio": 1.0,
    "avg_snr_db": 11.7908493578856,
    "avg_bits_per_symbol": 2.3636363636363638,
    "mcs": [
      4,
      4,
      4,
      4,
      4,
      4,
      4,
      4,
      4,
      4,
      4,
      16,
      4,
      4,
      16,
      16,
      4,
      4,
      4,
      4,
      4,
      16
    ],
    "power_dbm": [
      -6.0,
      -7.0,
      -3.5,
      -2.0,
      -6.0,
      -8.0,
      -8.0,
      -7.5,
      -8.0,
      -8.0,
      -3.5,
      -2.5,
      -8.0,
      -4.0,
      -2.0,
      -2.5,
      -4.5,
      -6.5,
      -2.5,
      -7.0,
      -4.0,
      -2.0
    ],
    "demands_gbps": [
      225.9998167521844,
      119.14957319637786,
      147.46117837134392,
      141.34320781877386,
      139.90400318445515,
      248.05606613148151,
      266.9686496645996,
      157.01764762550806,
      249.35827547081036,
      261.2817578289016,
      197.20497738902043,
      151.6439821816954,
      250.12107133655994,
      146.33970377376625,
      236.04939887990065,
      217.08983478024572,
      267.65923394927836,
      149.4243920630912,
      245.8512718654141,
      198.0880562649614,
      149.36445621890147,
      138.20367885092656
    ],
    "achieved_gbps": [
      64.0,
      64.0,
      64.0,
      64.0,
      64.0,
      64.0,
      64.0,
      64.0,
      64.0,
      64.0,
      64.0,
      128.0,
      64.0,
      64.0,
      128.0,
      128.0,
      64.0,
      64.0,
      64.0,
      64.0,
      64.0,
      128.0
    ],
    "ber": [
      0.0004159015578444336,
      0.0005718406066634318,
      0.0006393595325207557,
      0.0006603084489209543,
      0.0005751055231853486,
      0.00037499929142714716,
      2.0168628527716947e-05,
      0.0006639262757426323,
      2.072392040119997e-05,
      5.169562680512607e-05,
      0.0004256913990600131,
      0.00039558725627986124,
      0.0003632337783973094,
      0.0004041188644757776,
      0.00046442982458266835,
      0.0003999119254837341,
      0.0006102352932823574,
      0.0005727024030714456,
      0.0006524230340871351,
      0.0005683653670129352,
      0.0006542958417366518,
      0.0006684242427507509
    ],
    "quality_db": [
      16.480100716480145,
      17.24452176553788,
      13.659041886856318,
      12.134054250842091,
      16.24019906001415,
      18.554189953649356,
      20.26740442596189,
      17.629806051619177,
      20.254103152928423,
      19.782212259843973,
      13.963285859249892,
      19.795146876644186,
      18.576767427341284,
      14.50078761269035,
      19.173391978651182,
      19.78699541559363,
      14.694941060737115,
      16.743378756272673,
      12.643381259610573,
      17.249145691359523,
      14.141157596666558,
      18.884672814932834
    ]
  },
  "oracle_meta": {
    "mode_requested": "auto_or_exact",
    "mode_used": "exact_cp_sat",
    "solver": "ortools_cp_sat",
    "status": "OPTIMAL",
    "optimal": true,
    "time_limit_s": 20.0,
    "cost_unit_mw": 0.02
  },
  "score_gap_oracle_minus_candidate": 0.3169414396505633
}